id,file_name
0,Approf_Accesso ai servizi per la gravidanza.txt
1,Approf_Accesso all’Ospedale per il parto.txt
2,Approf_Allattamento e Alimentazione del bambino.txt
3,Approf_Assicurare le cure sanitarie.txt
4,Approf_Assistenza ostetrica al parto.txt
5,Approf_Assitenza ostetrica alla gravidanza.txt
6,Approf_Assunzione di acido folico.txt
7,Approf_Citomegalovirus.txt
8,Approf_Contatto pelle a pelle.txt
9,Approf_Controlli.txt
10,Approf_Diabete gestazionale.txt
11,Approf_Donaziona sangue cordonale.txt
12,Approf_Donne con gruppo sanguigno RH negativo.txt
13,Approf_Ecografia ostetrica.txt
14,Approf_Farmaci.txt
15,Approf_Incontri di Accompagnamento alla Nascita (IAN).txt
16,Approf_Ipotiroidismo.txt
17,Approf_La cura dell_igiene del bambino.txt
18,Approf_Le Cure Amiche della Madre.txt
19,Approf_Le cure che nutrono nei primi 1000 giorni.txt
20,Approf_Monitoraggio della gravidanza a termine.txt
21,Approf_Nuova gravidanza dopo taglio cesareo.txt
22,Approf_Obesità.txt
23,"Approf_Opportunità e diritti per la maternità e paternità, tutela e congedi parentali .txt"
24,Approf_Parto in acqua.txt
25,Approf_Parto in anonimato.txt
26,Approf_Prevenzione infezioni.txt
27,Approf_Promozione e mantenimento della salute del pavimento pelvico.txt
28,Approf_Sala parto Cavalese.txt
29,Approf_Sala parto Cles.txt
30,Approf_Sala parto Rovereto.txt
31,Approf_Sala parto Trento.txt
32,Approf_Sintomi e segni che richiedono controllo urgente.txt
33,Approf_Sintomi fisiologici comuni in gravidanza.txt
34,Approf_Sostegno da mamma a mamma.txt
35,Approf_Stili di vita sani in gravidanza.txt
36,Approf_Streptococco.txt
37,Approf_Toxoplasmosi.txt
38,Approf_Vaccinazioni in gravidanza.txt
39,Approf_Varicella.txt
40,Card_week_10_bambino.txt
41,Card_week_10_mamma.txt
42,Card_week_11_bambino.txt
43,Card_week_11_mamma.txt
44,Card_week_12_bambino.txt
45,Card_week_12_mamma.txt
46,Card_week_13_bambino.txt
47,Card_week_13_mamma.txt
48,Card_week_14_bambino.txt
49,Card_week_14_mamma.txt
50,Card_week_15_bambino.txt
51,Card_week_15_mamma.txt
52,Card_week_16_bambino.txt
53,Card_week_16_mamma.txt
54,Card_week_17_bambino.txt
55,Card_week_17_mamma.txt
56,Card_week_18_bambino.txt
57,Card_week_18_mamma.txt
58,Card_week_19_bambino.txt
59,Card_week_19_mamma.txt
60,Card_week_20_bambino.txt
61,Card_week_20_mamma.txt
62,Card_week_21_bambino.txt
63,Card_week_21_mamma.txt
64,Card_week_22_bambino.txt
65,Card_week_22_mamma.txt
66,Card_week_23_bambino.txt
67,Card_week_23_mamma.txt
68,Card_week_24_bambino.txt
69,Card_week_24_mamma.txt
70,Card_week_25_bambino.txt
71,Card_week_25_mamma.txt
72,Card_week_26_bambino.txt
73,Card_week_26_mamma.txt
74,Card_week_27_bambino.txt
75,Card_week_27_mamma.txt
76,Card_week_28_bambino.txt
77,Card_week_28_mamma.txt
78,Card_week_29_bambino.txt
79,Card_week_29_mamma.txt
80,Card_week_30_bambino.txt
81,Card_week_30_mamma.txt
82,Card_week_31_bambino.txt
83,Card_week_31_mamma.txt
84,Card_week_32_bambino.txt
85,Card_week_32_mamma.txt
86,Card_week_33_bambino.txt
87,Card_week_33_mamma.txt
88,Card_week_34_bambino.txt
89,Card_week_34_mamma.txt
90,Card_week_35_bambino.txt
91,Card_week_35_mamma.txt
92,Card_week_36_bambino.txt
93,Card_week_36_mamma.txt
94,Card_week_37_bambino.txt
95,Card_week_37_mamma.txt
96,Card_week_38_bambino.txt
97,Card_week_38_mamma.txt
98,Card_week_39_bambino.txt
99,Card_week_39_mamma.txt
100,Card_week_40 e oltre_bambino.txt
101,Card_week_40 e oltre_mamma.txt
102,Card_week_4_bambino.txt
103,Card_week_4_mamma.txt
104,Card_week_5_bambino.txt
105,Card_week_5_mamma.txt
106,Card_week_6_bambino.txt
107,Card_week_6_mamma.txt
108,Card_week_7_bambino.txt
109,Card_week_7_mamma.txt
110,Card_week_8_bambino.txt
111,Card_week_8_mamma.txt
112,Card_week_9_bambino.txt
113,Card_week_9_mamma.txt
114,ISS_1.txt
115,ISS_10.txt
116,ISS_100.txt
117,ISS_101(1).txt
118,ISS_101.txt
119,ISS_102(1).txt
120,ISS_102.txt
121,ISS_103(1).txt
122,ISS_103.txt
123,ISS_104(1).txt
124,ISS_104.txt
125,ISS_105(1).txt
126,ISS_105.txt
127,ISS_106(1).txt
128,ISS_106.txt
129,ISS_107(1).txt
130,ISS_107.txt
131,ISS_108.txt
132,ISS_109.txt
133,ISS_11.txt
134,ISS_110.txt
135,ISS_111.txt
136,ISS_112.txt
137,ISS_113.txt
138,ISS_114.txt
139,ISS_115.txt
140,ISS_116.txt
141,ISS_117.txt
142,ISS_118.txt
143,ISS_119.txt
144,ISS_12.txt
145,ISS_120.txt
146,ISS_121.txt
147,ISS_122.txt
148,ISS_123.txt
149,ISS_124.txt
150,ISS_125.txt
151,ISS_126.txt
152,ISS_127.txt
153,ISS_128.txt
154,ISS_129.txt
155,ISS_13.txt
156,ISS_130(1).txt
157,ISS_130.txt
158,ISS_131(1).txt
159,ISS_131.txt
160,ISS_132.txt
161,ISS_133(1).txt
162,ISS_133.txt
163,ISS_134.txt
164,ISS_135.txt
165,ISS_136.txt
166,ISS_137.txt
167,ISS_138.txt
168,ISS_139.txt
169,ISS_14.txt
170,ISS_140.txt
171,ISS_141.txt
172,ISS_142.txt
173,ISS_143.txt
174,ISS_144.txt
175,ISS_145.txt
176,ISS_146.txt
177,ISS_147.txt
178,ISS_148.txt
179,ISS_149.txt
180,ISS_15.txt
181,ISS_150.txt
182,ISS_151.txt
183,ISS_152.txt
184,ISS_153.txt
185,ISS_154.txt
186,ISS_155.txt
187,ISS_156.txt
188,ISS_157.txt
189,ISS_158.txt
190,ISS_159.txt
191,ISS_16.txt
192,ISS_160.txt
193,ISS_161.txt
194,ISS_162.txt
195,ISS_163.txt
196,ISS_164.txt
197,ISS_165.txt
198,ISS_166.txt
199,ISS_167.txt
200,ISS_168.txt
201,ISS_169.txt
202,ISS_17.txt
203,ISS_170.txt
204,ISS_171.txt
205,ISS_172.txt
206,ISS_173.txt
207,ISS_174.txt
208,ISS_175.txt
209,ISS_176.txt
210,ISS_177.txt
211,ISS_178.txt
212,ISS_179.txt
213,ISS_18.txt
214,ISS_180.txt
215,ISS_181.txt
216,ISS_182.txt
217,ISS_183.txt
218,ISS_184.txt
219,ISS_185.txt
220,ISS_186.txt
221,ISS_187.txt
222,ISS_188.txt
223,ISS_189.txt
224,ISS_19.txt
225,ISS_190.txt
226,ISS_191.txt
227,ISS_192.txt
228,ISS_193.txt
229,ISS_194.txt
230,ISS_195.txt
231,ISS_196.txt
232,ISS_197.txt
233,ISS_198.txt
234,ISS_199.txt
235,ISS_2.txt
236,ISS_20.txt
237,ISS_200.txt
238,ISS_201.txt
239,ISS_202.txt
240,ISS_203.txt
241,ISS_204.txt
242,ISS_205.txt
243,ISS_206.txt
244,ISS_207.txt
245,ISS_208.txt
246,ISS_209.txt
247,ISS_21.txt
248,ISS_210.txt
249,ISS_211.txt
250,ISS_212.txt
251,ISS_213.txt
252,ISS_214.txt
253,ISS_215.txt
254,ISS_216.txt
255,ISS_217.txt
256,ISS_218.txt
257,ISS_219.txt
258,ISS_22.txt
259,ISS_220.txt
260,ISS_221.txt
261,ISS_222.txt
262,ISS_223.txt
263,ISS_224.txt
264,ISS_225.txt
265,ISS_226.txt
266,ISS_227.txt
267,ISS_228.txt
268,ISS_229.txt
269,ISS_23.txt
270,ISS_230.txt
271,ISS_231.txt
272,ISS_232.txt
273,ISS_233.txt
274,ISS_234.txt
275,ISS_235.txt
276,ISS_236.txt
277,ISS_237.txt
278,ISS_238.txt
279,ISS_239.txt
280,ISS_24.txt
281,ISS_240.txt
282,ISS_241.txt
283,ISS_242.txt
284,ISS_243.txt
285,ISS_244.txt
286,ISS_245.txt
287,ISS_246.txt
288,ISS_247.txt
289,ISS_248.txt
290,ISS_249.txt
291,ISS_25.txt
292,ISS_250.txt
293,ISS_251.txt
294,ISS_252.txt
295,ISS_253.txt
296,ISS_254.txt
297,ISS_255.txt
298,ISS_256.txt
299,ISS_257.txt
300,ISS_258.txt
301,ISS_259.txt
302,ISS_26.txt
303,ISS_260.txt
304,ISS_261.txt
305,ISS_262.txt
306,ISS_263.txt
307,ISS_264.txt
308,ISS_265.txt
309,ISS_266.txt
310,ISS_267.txt
311,ISS_268.txt
312,ISS_269.txt
313,ISS_27.txt
314,ISS_270.txt
315,ISS_271.txt
316,ISS_272.txt
317,ISS_273.txt
318,ISS_274.txt
319,ISS_275.txt
320,ISS_276.txt
321,ISS_277.txt
322,ISS_278.txt
323,ISS_279.txt
324,ISS_28.txt
325,ISS_280.txt
326,ISS_281.txt
327,ISS_282.txt
328,ISS_283.txt
329,ISS_284.txt
330,ISS_285.txt
331,ISS_286.txt
332,ISS_287.txt
333,ISS_288.txt
334,ISS_289.txt
335,ISS_29.txt
336,ISS_290.txt
337,ISS_291.txt
338,ISS_292.txt
339,ISS_293.txt
340,ISS_294.txt
341,ISS_295.txt
342,ISS_296.txt
343,ISS_297.txt
344,ISS_298.txt
345,ISS_299.txt
346,ISS_3.txt
347,ISS_30.txt
348,ISS_300.txt
349,ISS_301.txt
350,ISS_302.txt
351,ISS_303.txt
352,ISS_304.txt
353,ISS_305.txt
354,ISS_306.txt
355,ISS_307.txt
356,ISS_308.txt
357,ISS_309.txt
358,ISS_31.txt
359,ISS_310.txt
360,ISS_311.txt
361,ISS_312.txt
362,ISS_313.txt
363,ISS_314.txt
364,ISS_315.txt
365,ISS_316.txt
366,ISS_317.txt
367,ISS_318.txt
368,ISS_319.txt
369,ISS_32.txt
370,ISS_320.txt
371,ISS_321.txt
372,ISS_322.txt
373,ISS_323.txt
374,ISS_324.txt
375,ISS_325.txt
376,ISS_326.txt
377,ISS_327.txt
378,ISS_328.txt
379,ISS_329.txt
380,ISS_33.txt
381,ISS_330.txt
382,ISS_331.txt
383,ISS_332.txt
384,ISS_333.txt
385,ISS_334.txt
386,ISS_335.txt
387,ISS_336.txt
388,ISS_337.txt
389,ISS_338.txt
390,ISS_339.txt
391,ISS_34.txt
392,ISS_340.txt
393,ISS_341.txt
394,ISS_342.txt
395,ISS_343.txt
396,ISS_344.txt
397,ISS_345.txt
398,ISS_346.txt
399,ISS_347.txt
400,ISS_348.txt
401,ISS_349.txt
402,ISS_35.txt
403,ISS_350.txt
404,ISS_351.txt
405,ISS_352.txt
406,ISS_353.txt
407,ISS_354.txt
408,ISS_355.txt
409,ISS_356.txt
410,ISS_357.txt
411,ISS_358.txt
412,ISS_359.txt
413,ISS_36.txt
414,ISS_360.txt
415,ISS_361.txt
416,ISS_362.txt
417,ISS_363.txt
418,ISS_364.txt
419,ISS_365.txt
420,ISS_366.txt
421,ISS_367.txt
422,ISS_368.txt
423,ISS_369.txt
424,ISS_37.txt
425,ISS_370.txt
426,ISS_371.txt
427,ISS_372.txt
428,ISS_373.txt
429,ISS_374.txt
430,ISS_375.txt
431,ISS_376.txt
432,ISS_377.txt
433,ISS_378.txt
434,ISS_379.txt
435,ISS_38.txt
436,ISS_39.txt
437,ISS_4.txt
438,ISS_40.txt
439,ISS_41.txt
440,ISS_42.txt
441,ISS_43.txt
442,ISS_44.txt
443,ISS_45.txt
444,ISS_46.txt
445,ISS_47.txt
446,ISS_48.txt
447,ISS_49.txt
448,ISS_5.txt
449,ISS_50.txt
450,ISS_51.txt
451,ISS_52.txt
452,ISS_53.txt
453,ISS_54.txt
454,ISS_55.txt
455,ISS_56.txt
456,ISS_57.txt
457,ISS_58.txt
458,ISS_59.txt
459,ISS_6.txt
460,ISS_60.txt
461,ISS_61.txt
462,ISS_62.txt
463,ISS_63.txt
464,ISS_64.txt
465,ISS_65.txt
466,ISS_66.txt
467,ISS_67.txt
468,ISS_68.txt
469,ISS_69.txt
470,ISS_7.txt
471,ISS_70.txt
472,ISS_71.txt
473,ISS_72.txt
474,ISS_73.txt
475,ISS_74.txt
476,ISS_75.txt
477,ISS_76.txt
478,ISS_77.txt
479,ISS_78.txt
480,ISS_79.txt
481,ISS_8.txt
482,ISS_80.txt
483,ISS_81.txt
484,ISS_82.txt
485,ISS_83.txt
486,ISS_84.txt
487,ISS_85.txt
488,ISS_86.txt
489,ISS_87.txt
490,ISS_88.txt
491,ISS_89.txt
492,ISS_9.txt
493,ISS_90.txt
494,ISS_91.txt
495,ISS_92.txt
496,ISS_93.txt
497,ISS_94.txt
498,ISS_95.txt
499,ISS_96.txt
500,ISS_97.txt
501,ISS_98.txt
502,ISS_99.txt
503,Uppa_1.txt
504,Uppa_101.txt
505,Uppa_102.txt
506,Uppa_103.txt
507,Uppa_104.txt
508,Uppa_105.txt
509,Uppa_107.txt
510,Uppa_109.txt
511,Uppa_11.txt
512,Uppa_110.txt
513,Uppa_111.txt
514,Uppa_113.txt
515,Uppa_115.txt
516,Uppa_116.txt
517,Uppa_117.txt
518,Uppa_118.txt
519,Uppa_119.txt
520,Uppa_12.txt
521,Uppa_120.txt
522,Uppa_121.txt
523,Uppa_122.txt
524,Uppa_123.txt
525,Uppa_125.txt
526,Uppa_126.txt
527,Uppa_127.txt
528,Uppa_128.txt
529,Uppa_129.txt
530,Uppa_13.txt
531,Uppa_130.txt
532,Uppa_131.txt
533,Uppa_132.txt
534,Uppa_133.txt
535,Uppa_134.txt
536,Uppa_136.txt
537,Uppa_137.txt
538,Uppa_139.txt
539,Uppa_14.txt
540,Uppa_140.txt
541,Uppa_142.txt
542,Uppa_144.txt
543,Uppa_147.txt
544,Uppa_149.txt
545,Uppa_15.txt
546,Uppa_150.txt
547,Uppa_151.txt
548,Uppa_152.txt
549,Uppa_153.txt
550,Uppa_154.txt
551,Uppa_156.txt
552,Uppa_158.txt
553,Uppa_16.txt
554,Uppa_160.txt
555,Uppa_162.txt
556,Uppa_165.txt
557,Uppa_166.txt
558,Uppa_167.txt
559,Uppa_168.txt
560,Uppa_169.txt
561,Uppa_17.txt
562,Uppa_170.txt
563,Uppa_171.txt
564,Uppa_172.txt
565,Uppa_174.txt
566,Uppa_175.txt
567,Uppa_177.txt
568,Uppa_178.txt
569,Uppa_179.txt
570,Uppa_18.txt
571,Uppa_180.txt
572,Uppa_181.txt
573,Uppa_184.txt
574,Uppa_185.txt
575,Uppa_188.txt
576,Uppa_189.txt
577,Uppa_19.txt
578,Uppa_196.txt
579,Uppa_197.txt
580,Uppa_199.txt
581,Uppa_2.txt
582,Uppa_20.txt
583,Uppa_201.txt
584,Uppa_202.txt
585,Uppa_203.txt
586,Uppa_205.txt
587,Uppa_206.txt
588,Uppa_207.txt
589,Uppa_208.txt
590,Uppa_209.txt
591,Uppa_21.txt
592,Uppa_210.txt
593,Uppa_211.txt
594,Uppa_212.txt
595,Uppa_214.txt
596,Uppa_215.txt
597,Uppa_217.txt
598,Uppa_218.txt
599,Uppa_219.txt
600,Uppa_22.txt
601,Uppa_220.txt
602,Uppa_224.txt
603,Uppa_225.txt
604,Uppa_226.txt
605,Uppa_227.txt
606,Uppa_23.txt
607,Uppa_234.txt
608,Uppa_235.txt
609,Uppa_236.txt
610,Uppa_237.txt
611,Uppa_238.txt
612,Uppa_239.txt
613,Uppa_24.txt
614,Uppa_240.txt
615,Uppa_241.txt
616,Uppa_243.txt
617,Uppa_244.txt
618,Uppa_245.txt
619,Uppa_248.txt
620,Uppa_249.txt
621,Uppa_250.txt
622,Uppa_252.txt
623,Uppa_255.txt
624,Uppa_259.txt
625,Uppa_26.txt
626,Uppa_261.txt
627,Uppa_262.txt
628,Uppa_264.txt
629,Uppa_266.txt
630,Uppa_27.txt
631,Uppa_270.txt
632,Uppa_271.txt
633,Uppa_275.txt
634,Uppa_277.txt
635,Uppa_279.txt
636,Uppa_28.txt
637,Uppa_280.txt
638,Uppa_282.txt
639,Uppa_284.txt
640,Uppa_285.txt
641,Uppa_286.txt
642,Uppa_287.txt
643,Uppa_288.txt
644,Uppa_289.txt
645,Uppa_29.txt
646,Uppa_290.txt
647,Uppa_293.txt
648,Uppa_295.txt
649,Uppa_298.txt
650,Uppa_299.txt
651,Uppa_3.txt
652,Uppa_30.txt
653,Uppa_300.txt
654,Uppa_301.txt
655,Uppa_303.txt
656,Uppa_309.txt
657,Uppa_31.txt
658,Uppa_312.txt
659,Uppa_314.txt
660,Uppa_315.txt
661,Uppa_316.txt
662,Uppa_317.txt
663,Uppa_32.txt
664,Uppa_321.txt
665,Uppa_327.txt
666,Uppa_33.txt
667,Uppa_330.txt
668,Uppa_336.txt
669,Uppa_34.txt
670,Uppa_342.txt
671,Uppa_344.txt
672,Uppa_347.txt
673,Uppa_348.txt
674,Uppa_35.txt
675,Uppa_350.txt
676,Uppa_352.txt
677,Uppa_353.txt
678,Uppa_356.txt
679,Uppa_358.txt
680,Uppa_361.txt
681,Uppa_362.txt
682,Uppa_363.txt
683,Uppa_366.txt
684,Uppa_367.txt
685,Uppa_369.txt
686,Uppa_37.txt
687,Uppa_370.txt
688,Uppa_374.txt
689,Uppa_375.txt
690,Uppa_376.txt
691,Uppa_377.txt
692,Uppa_38.txt
693,Uppa_380.txt
694,Uppa_381.txt
695,Uppa_382.txt
696,Uppa_383.txt
697,Uppa_385.txt
698,Uppa_386.txt
699,Uppa_387.txt
700,Uppa_389.txt
701,Uppa_390.txt
702,Uppa_393.txt
703,Uppa_394.txt
704,Uppa_397.txt
705,Uppa_399.txt
706,Uppa_401.txt
707,Uppa_404.txt
708,Uppa_405.txt
709,Uppa_406.txt
710,Uppa_408.txt
711,Uppa_41.txt
712,Uppa_411.txt
713,Uppa_413.txt
714,Uppa_414.txt
715,Uppa_415.txt
716,Uppa_417.txt
717,Uppa_418.txt
718,Uppa_419.txt
719,Uppa_42.txt
720,Uppa_421.txt
721,Uppa_422.txt
722,Uppa_423.txt
723,Uppa_424.txt
724,Uppa_425.txt
725,Uppa_426.txt
726,Uppa_427.txt
727,Uppa_428.txt
728,Uppa_429.txt
729,Uppa_43.txt
730,Uppa_430.txt
731,Uppa_431.txt
732,Uppa_432.txt
733,Uppa_433.txt
734,Uppa_434.txt
735,Uppa_435.txt
736,Uppa_436.txt
737,Uppa_437.txt
738,Uppa_438.txt
739,Uppa_44.txt
740,Uppa_440.txt
741,Uppa_441.txt
742,Uppa_442.txt
743,Uppa_443.txt
744,Uppa_446.txt
745,Uppa_447.txt
746,Uppa_448.txt
747,Uppa_449.txt
748,Uppa_45.txt
749,Uppa_451.txt
750,Uppa_453.txt
751,Uppa_454.txt
752,Uppa_455.txt
753,Uppa_456.txt
754,Uppa_457.txt
755,Uppa_458.txt
756,Uppa_459.txt
757,Uppa_46.txt
758,Uppa_460.txt
759,Uppa_461.txt
760,Uppa_462.txt
761,Uppa_463.txt
762,Uppa_464.txt
763,Uppa_465.txt
764,Uppa_466.txt
765,Uppa_468.txt
766,Uppa_469.txt
767,Uppa_47.txt
768,Uppa_470.txt
769,Uppa_471.txt
770,Uppa_472.txt
771,Uppa_473.txt
772,Uppa_474.txt
773,Uppa_475.txt
774,Uppa_476.txt
775,Uppa_477.txt
776,Uppa_478.txt
777,Uppa_479.txt
778,Uppa_480.txt
779,Uppa_481.txt
780,Uppa_482.txt
781,Uppa_483.txt
782,Uppa_484.txt
783,Uppa_485.txt
784,Uppa_486.txt
785,Uppa_487.txt
786,Uppa_488.txt
787,Uppa_489.txt
788,Uppa_49.txt
789,Uppa_490.txt
790,Uppa_491.txt
791,Uppa_492.txt
792,Uppa_495.txt
793,Uppa_498.txt
794,Uppa_5.txt
795,Uppa_502.txt
796,Uppa_503.txt
797,Uppa_505.txt
798,Uppa_51.txt
799,Uppa_518.txt
800,Uppa_52.txt
801,Uppa_520.txt
802,Uppa_521.txt
803,Uppa_522.txt
804,Uppa_524.txt
805,Uppa_525.txt
806,Uppa_526.txt
807,Uppa_53.txt
808,Uppa_530.txt
809,Uppa_531.txt
810,Uppa_533.txt
811,Uppa_534.txt
812,Uppa_535.txt
813,Uppa_536.txt
814,Uppa_537.txt
815,Uppa_538.txt
816,Uppa_539.txt
817,Uppa_54.txt
818,Uppa_540.txt
819,Uppa_541.txt
820,Uppa_543.txt
821,Uppa_544.txt
822,Uppa_545.txt
823,Uppa_546.txt
824,Uppa_547.txt
825,Uppa_549.txt
826,Uppa_551.txt
827,Uppa_552.txt
828,Uppa_554.txt
829,Uppa_556.txt
830,Uppa_557.txt
831,Uppa_558.txt
832,Uppa_559.txt
833,Uppa_560.txt
834,Uppa_561.txt
835,Uppa_563.txt
836,Uppa_565.txt
837,Uppa_566.txt
838,Uppa_567.txt
839,Uppa_569.txt
840,Uppa_57.txt
841,Uppa_570.txt
842,Uppa_571.txt
843,Uppa_573.txt
844,Uppa_574.txt
845,Uppa_575.txt
846,Uppa_576.txt
847,Uppa_577.txt
848,Uppa_578.txt
849,Uppa_579.txt
850,Uppa_58.txt
851,Uppa_581.txt
852,Uppa_582.txt
853,Uppa_583.txt
854,Uppa_584.txt
855,Uppa_585.txt
856,Uppa_587.txt
857,Uppa_588.txt
858,Uppa_589.txt
859,Uppa_590.txt
860,Uppa_593.txt
861,Uppa_596.txt
862,Uppa_598.txt
863,Uppa_599.txt
864,Uppa_6.txt
865,Uppa_604.txt
866,Uppa_605.txt
867,Uppa_607.txt
868,Uppa_608.txt
869,Uppa_609.txt
870,Uppa_610.txt
871,Uppa_614.txt
872,Uppa_615.txt
873,Uppa_616.txt
874,Uppa_617.txt
875,Uppa_619.txt
876,Uppa_62.txt
877,Uppa_620.txt
878,Uppa_622.txt
879,Uppa_623.txt
880,Uppa_624.txt
881,Uppa_625.txt
882,Uppa_626.txt
883,Uppa_627.txt
884,Uppa_628.txt
885,Uppa_629.txt
886,Uppa_63.txt
887,Uppa_630.txt
888,Uppa_631.txt
889,Uppa_632.txt
890,Uppa_633.txt
891,Uppa_634.txt
892,Uppa_635.txt
893,Uppa_636.txt
894,Uppa_637.txt
895,Uppa_638.txt
896,Uppa_639.txt
897,Uppa_64.txt
898,Uppa_640.txt
899,Uppa_642.txt
900,Uppa_643.txt
901,Uppa_644.txt
902,Uppa_645.txt
903,Uppa_646.txt
904,Uppa_649.txt
905,Uppa_65.txt
906,Uppa_650.txt
907,Uppa_651.txt
908,Uppa_654.txt
909,Uppa_655.txt
910,Uppa_656.txt
911,Uppa_659.txt
912,Uppa_66.txt
913,Uppa_663.txt
914,Uppa_664.txt
915,Uppa_665.txt
916,Uppa_668.txt
917,Uppa_669.txt
918,Uppa_67.txt
919,Uppa_671.txt
920,Uppa_673.txt
921,Uppa_674.txt
922,Uppa_677.txt
923,Uppa_678.txt
924,Uppa_680.txt
925,Uppa_682.txt
926,Uppa_684.txt
927,Uppa_685.txt
928,Uppa_687.txt
929,Uppa_690.txt
930,Uppa_697.txt
931,Uppa_699.txt
932,Uppa_7.txt
933,Uppa_70.txt
934,Uppa_700.txt
935,Uppa_701.txt
936,Uppa_702.txt
937,Uppa_704.txt
938,Uppa_706.txt
939,Uppa_707.txt
940,Uppa_708.txt
941,Uppa_710.txt
942,Uppa_711.txt
943,Uppa_712.txt
944,Uppa_714.txt
945,Uppa_715.txt
946,Uppa_716.txt
947,Uppa_717.txt
948,Uppa_72.txt
949,Uppa_721.txt
950,Uppa_724.txt
951,Uppa_725.txt
952,Uppa_726.txt
953,Uppa_728.txt
954,Uppa_729.txt
955,Uppa_73.txt
956,Uppa_730.txt
957,Uppa_734.txt
958,Uppa_736.txt
959,Uppa_737.txt
960,Uppa_738.txt
961,Uppa_739.txt
962,Uppa_740.txt
963,Uppa_743.txt
964,Uppa_744.txt
965,Uppa_745.txt
966,Uppa_747.txt
967,Uppa_748.txt
968,Uppa_75.txt
969,Uppa_750.txt
970,Uppa_751.txt
971,Uppa_752.txt
972,Uppa_753.txt
973,Uppa_754.txt
974,Uppa_755.txt
975,Uppa_757.txt
976,Uppa_758.txt
977,Uppa_759.txt
978,Uppa_76.txt
979,Uppa_760.txt
980,Uppa_761.txt
981,Uppa_762.txt
982,Uppa_763.txt
983,Uppa_764.txt
984,Uppa_765.txt
985,Uppa_767.txt
986,Uppa_768.txt
987,Uppa_769.txt
988,Uppa_770.txt
989,Uppa_771.txt
990,Uppa_772.txt
991,Uppa_773.txt
992,Uppa_774.txt
993,Uppa_776.txt
994,Uppa_777.txt
995,Uppa_778.txt
996,Uppa_779.txt
997,Uppa_78.txt
998,Uppa_780.txt
999,Uppa_782.txt
1000,Uppa_783.txt
1001,Uppa_784.txt
1002,Uppa_785.txt
1003,Uppa_786.txt
1004,Uppa_787.txt
1005,Uppa_789.txt
1006,Uppa_790.txt
1007,Uppa_792.txt
1008,Uppa_793.txt
1009,Uppa_795.txt
1010,Uppa_797.txt
1011,Uppa_798.txt
1012,Uppa_799.txt
1013,Uppa_8.txt
1014,Uppa_80.txt
1015,Uppa_800.txt
1016,Uppa_801.txt
1017,Uppa_802.txt
1018,Uppa_803.txt
1019,Uppa_804.txt
1020,Uppa_805.txt
1021,Uppa_807.txt
1022,Uppa_808.txt
1023,Uppa_809.txt
1024,Uppa_81.txt
1025,Uppa_811.txt
1026,Uppa_812.txt
1027,Uppa_813.txt
1028,Uppa_814.txt
1029,Uppa_815.txt
1030,Uppa_816.txt
1031,Uppa_817.txt
1032,Uppa_818.txt
1033,Uppa_819.txt
1034,Uppa_820.txt
1035,Uppa_821.txt
1036,Uppa_822.txt
1037,Uppa_823.txt
1038,Uppa_824.txt
1039,Uppa_825.txt
1040,Uppa_826.txt
1041,Uppa_827.txt
1042,Uppa_828.txt
1043,Uppa_829.txt
1044,Uppa_830.txt
1045,Uppa_831.txt
1046,Uppa_832.txt
1047,Uppa_833.txt
1048,Uppa_834.txt
1049,Uppa_835.txt
1050,Uppa_837.txt
1051,Uppa_838.txt
1052,Uppa_839.txt
1053,Uppa_84.txt
1054,Uppa_841.txt
1055,Uppa_842.txt
1056,Uppa_843.txt
1057,Uppa_844.txt
1058,Uppa_845.txt
1059,Uppa_846.txt
1060,Uppa_847.txt
1061,Uppa_848.txt
1062,Uppa_849.txt
1063,Uppa_85.txt
1064,Uppa_850.txt
1065,Uppa_851.txt
1066,Uppa_852.txt
1067,Uppa_853.txt
1068,Uppa_854.txt
1069,Uppa_855.txt
1070,Uppa_856.txt
1071,Uppa_857.txt
1072,Uppa_858.txt
1073,Uppa_859.txt
1074,Uppa_86.txt
1075,Uppa_861.txt
1076,Uppa_862.txt
1077,Uppa_863.txt
1078,Uppa_864.txt
1079,Uppa_865.txt
1080,Uppa_866.txt
1081,Uppa_867.txt
1082,Uppa_868.txt
1083,Uppa_869.txt
1084,Uppa_87.txt
1085,Uppa_870.txt
1086,Uppa_871.txt
1087,Uppa_872.txt
1088,Uppa_873.txt
1089,Uppa_874.txt
1090,Uppa_876.txt
1091,Uppa_877.txt
1092,Uppa_878.txt
1093,Uppa_879.txt
1094,Uppa_88.txt
1095,Uppa_880.txt
1096,Uppa_881.txt
1097,Uppa_882.txt
1098,Uppa_883.txt
1099,Uppa_884.txt
1100,Uppa_885.txt
1101,Uppa_887.txt
1102,Uppa_888.txt
1103,Uppa_889.txt
1104,Uppa_89.txt
1105,Uppa_890.txt
1106,Uppa_891.txt
1107,Uppa_892.txt
1108,Uppa_893.txt
1109,Uppa_894.txt
1110,Uppa_895.txt
1111,Uppa_896.txt
1112,Uppa_897.txt
1113,Uppa_898.txt
1114,Uppa_899.txt
1115,Uppa_9.txt
1116,Uppa_900.txt
1117,Uppa_901.txt
1118,Uppa_902.txt
1119,Uppa_904.txt
1120,Uppa_905.txt
1121,Uppa_907.txt
1122,Uppa_908.txt
1123,Uppa_909.txt
1124,Uppa_910.txt
1125,Uppa_911.txt
1126,Uppa_912.txt
1127,Uppa_913.txt
1128,Uppa_914.txt
1129,Uppa_915.txt
1130,Uppa_917.txt
1131,Uppa_918.txt
1132,Uppa_919.txt
1133,Uppa_920.txt
1134,Uppa_921.txt
1135,Uppa_922.txt
1136,Uppa_923.txt
1137,Uppa_925.txt
1138,Uppa_929.txt
1139,Uppa_93.txt
1140,Uppa_932.txt
1141,Uppa_933.txt
1142,Uppa_936.txt
1143,Uppa_937.txt
1144,Uppa_938.txt
1145,Uppa_939.txt
1146,Uppa_94.txt
1147,Uppa_940.txt
1148,Uppa_941.txt
1149,Uppa_942.txt
1150,Uppa_943.txt
1151,Uppa_945.txt
1152,Uppa_946.txt
1153,Uppa_947.txt
1154,Uppa_948.txt
1155,Uppa_95.txt
1156,Uppa_951.txt
1157,Uppa_952.txt
1158,Uppa_954.txt
1159,Uppa_955.txt
1160,Uppa_957.txt
1161,Uppa_958.txt
1162,Uppa_959.txt
1163,Uppa_96.txt
1164,Uppa_961.txt
1165,Uppa_964.txt
1166,Uppa_965.txt
1167,Uppa_966.txt
1168,Uppa_967.txt
1169,Uppa_968.txt
1170,Uppa_969.txt
1171,Uppa_97.txt
1172,Uppa_970.txt
1173,Uppa_971.txt
1174,Uppa_972.txt
1175,Uppa_973.txt
1176,Uppa_974.txt
1177,Uppa_976.txt
1178,Uppa_977.txt
1179,Uppa_979.txt
1180,Uppa_980.txt
1181,Uppa_981.txt
1182,Uppa_985.txt
1183,Uppa_987.txt
1184,Uppa_99.txt
